Df,SumOfSqs,R2,F,Pr(>F)
2,20.613737631492622,0.08962494622388095,1.0337079552513502,0.4337132573485303
21,209.3862623685074,0.910375053776119,NA,NA
23,230.00000000000003,1,NA,NA
