ctrl,sl1,le1
NA,NA,NA
15.745117775328378,NA,NA
4.303688353033914,13.000204655981639,NA
