ctrl,sl1,le1
NA,NA,NA
0.5293345245513843,NA,NA
0.23512683728143563,0.48148541174489085,NA
