ctrl,sl1,le1
NA,NA,NA
1.3085183709890351,NA,NA
6.315578962185432,0.5612741399748948,NA
