ctrl,sl1,le1
NA,NA,NA
0.08547648696485156,NA,NA
0.3108736883128454,0.03854567495807496,NA
