ctrl,sl1,le1
NA,NA,NA
0.3144858150678634,NA,NA
0.25549243215996537,0.301934886468728,NA
