ctrl,sl1,le1
NA,NA,NA
0.2798440311937613,NA,NA
0.0611877624475105,0.9318136372725455,NA
