ctrl,sl1,le1
NA,NA,NA
6.422626267589123,NA,NA
4.804375676954902,6.055435701662274,NA
