ctrl,sl1,le1
NA,NA,NA
1.999600079984003e-4,NA,NA
1.999600079984003e-4,1.999600079984003e-4,NA
