ctrl,sl1,le1
NA,NA,NA
2.9994001199760045e-4,NA,NA
2.9994001199760045e-4,3.999200159968006e-4,NA
