Df,SumOfSqs,R2,F,Pr(>F)
2,20.613687701578,0.08962472913729568,1.0337052049423776,0.4287142571485703
21,209.386312298422,0.9103752708627045,NA,NA
23,229.99999999999997,1,NA,NA
