ctrl,sl1,le1
NA,NA,NA
0.5283051371601896,NA,NA
0.2351341602123265,0.4806870804299403,NA
