ctrl,sl1,le1
NA,NA,NA
0.3144698372613263,NA,NA
0.2554891955837927,0.30192132647037023,NA
