ctrl,sl1,le1
NA,NA,NA
0.26754649070185965,NA,NA
0.06718656268746251,0.9272145570885822,NA
