ctrl,sl1,le1
NA,NA,NA
5.998800239952009e-4,NA,NA
5.998800239952009e-4,5.998800239952009e-4,NA
