ctrl,sl1,le1
NA,NA,NA
0.08547629361205226,NA,NA
0.3108736882849633,0.038545522112104796,NA
