ctrl,sl1,le1
NA,NA,NA
1.3085151343918213,NA,NA
6.315578961363463,0.561271825115352,NA
