Df,SumOfSqs,R2,F,Pr(>F)
2,20.613687701578012,0.0896247291372957,1.033705204942378,0.4231153769246151
21,209.38631229842204,0.9103752708627045,NA,NA
23,230,1,NA,NA
