ctrl,sl1,le1
NA,NA,NA
15.680204519747894,NA,NA
4.303863595067073,12.958697679985757,NA
