Df,SumOfSqs,R2,F,Pr(>F)
2,14304.584087755587,0.36180246573476965,5.952586285982538,1.999600079984003e-4
21,25232.41591224441,0.6381975342652303,NA,NA
23,39537,1,NA,NA
