ctrl,sl1,le1
NA,NA,NA
0.2585482903419316,NA,NA
0.05938812237552489,0.9256148770245951,NA
