ctrl,sl1,le1
NA,NA,NA
1.308515134391821,NA,NA
6.315578961363463,0.5612718251153525,NA
