ctrl,sl1,le1
NA,NA,NA
6.422150272820081,NA,NA
4.804293929592882,6.0550461299914975,NA
