ctrl,sl1,le1
NA,NA,NA
0.5283051371601897,NA,NA
0.23513416021232653,0.4806870804299403,NA
