Df,SumOfSqs,R2,F,Pr(>F)
9,26.949986858502964,0.8561531962758845,30.42051683464243,1.999600079984003e-4
46,4.5280091073249515,0.14384680372411565,NA,NA
55,31.477995965827912,1,NA,NA
