Df,SumOfSqs,R2,F,Pr(>F)
9,94.57677829213031,0.7980392591937799,20.19633770645474,1.999600079984003e-4
46,23.93465733282462,0.20196074080622073,NA,NA
55,118.51143562495486,1,NA,NA
