Df,SumOfSqs,R2,F,Pr(>F)
9,58.029716925821845,0.767328430243044,16.85595223251127,1.999600079984003e-4
46,17.595940405083383,0.23267156975695624,NA,NA
55,75.62565733090521,1,NA,NA
