Df,SumOfSqs,R2,F,Pr(>F)
9,66.6889786929599,0.8112461769899627,21.967074801125033,1.999600079984003e-4
46,15.516621264875143,0.18875382301003754,NA,NA
55,82.20559995783503,1,NA,NA
