"","ctrl","sl1","le1"
"ctrl",NA,NA,NA
"sl1",15.6802045197479,NA,NA
"le1",4.30386359506707,12.9586976799858,NA
