"","ctrl","sl1","le1"
"ctrl",NA,NA,NA
"sl1",0.314469837261326,NA,NA
"le1",0.255489195583793,0.30192132647037,NA
