"","parent_call","ctrl_vs_le1.Df","ctrl_vs_le1.SumOfSqs","ctrl_vs_le1.R2","ctrl_vs_le1.F","ctrl_vs_le1.Pr..F.","ctrl_vs_le1.padj","ctrl_vs_sl1.Df","ctrl_vs_sl1.SumOfSqs","ctrl_vs_sl1.R2","ctrl_vs_sl1.F","ctrl_vs_sl1.Pr..F.","ctrl_vs_sl1.padj","le1_vs_sl1.Df","le1_vs_sl1.SumOfSqs","le1_vs_sl1.R2","le1_vs_sl1.F","le1_vs_sl1.Pr..F.","le1_vs_sl1.padj"
"Model","dist_mat ~ group , strata = Null , permutations 999",1,3.42929521367553,0.310873688284963,6.31557896136346,0.0217956408718256,0.0653869226154769,1,19.2747064546246,0.0854762936120523,1.30851513439182,0.182963407318536,0.274445110977804,1,8.21652988406692,0.0385455221121048,0.561271825115353,0.924215156968606,0.924215156968606
"Residual","dist_mat ~ group , strata = Null , permutations 999",14,7.60185776872824,0.689126311715037,NA,NA,0.0653869226154769,14,206.222979981171,0.914523706387948,NA,NA,0.274445110977804,14,204.947786846945,0.961454477887895,NA,NA,0.924215156968606
"Total","dist_mat ~ group , strata = Null , permutations 999",15,11.0311529824038,1,NA,NA,0.0653869226154769,15,225.497686435796,1,NA,NA,0.274445110977804,15,213.164316731012,1,NA,NA,0.924215156968606
