"","ctrl","sl1","le1"
"ctrl",NA,NA,NA
"sl1",1.30851513439182,NA,NA
"le1",6.31557896136346,0.561271825115352,NA
