"","ctrl","sl1","le1"
"ctrl",NA,NA,NA
"sl1",0.52830513716019,NA,NA
"le1",0.235134160212327,0.48068708042994,NA
