"","ctrl","le1","sl1"
"ctrl",NA,NA,NA
"le1",0.0653869226154769,NA,NA
"sl1",0.274445110977804,0.924215156968606,NA
