"","ctrl","sl1","le1"
"ctrl",NA,NA,NA
"sl1",6.42215027282008,NA,NA
"le1",4.80429392959288,6.0550461299915,NA
