"","ctrl","le1","sl1"
"ctrl",NA,NA,NA
"le1",0.000399920015996801,NA,NA
"sl1",0.000399920015996801,0.000399920015996801,NA
