"","ctrl","sl1","le1"
"ctrl",NA,NA,NA
"sl1",0.269046190761848,NA,NA
"le1",0.0617876424715057,0.933213357328534,NA
