"","ctrl","sl1","le1"
"ctrl",NA,NA,NA
"sl1",0.0854762936120523,NA,NA
"le1",0.310873688284963,0.0385455221121048,NA
