"","ctrl","sl1","le1"
"ctrl",NA,NA,NA
"sl1",0.000399920015996801,NA,NA
"le1",0.0002999400119976,0.0002999400119976,NA
