"","Df","SumOfSqs","R2","F","Pr(>F)"
"Model",2,20.613687701578,0.0896247291372957,1.03370520494238,0.4375124975005
"Residual",21,209.386312298422,0.910375270862704,NA,NA
"Total",23,230,1,NA,NA
